{"v":5,"entries":{"game-monstercard--docs":{"id":"game-monstercard--docs","title":"Game/MonsterCard","name":"Docs","importPath":"./client/src/components/MonsterCard.stories.tsx","type":"docs","tags":["dev","test","autodocs"],"storiesImports":[]},"game-monstercard--default":{"type":"story","id":"game-monstercard--default","name":"Default","title":"Game/MonsterCard","importPath":"./client/src/components/MonsterCard.stories.tsx","componentPath":"./client/src/components/MonsterCard.tsx","tags":["dev","test","autodocs"]},"game-monstercard--fainted":{"type":"story","id":"game-monstercard--fainted","name":"Fainted","title":"Game/MonsterCard","importPath":"./client/src/components/MonsterCard.stories.tsx","componentPath":"./client/src/components/MonsterCard.tsx","tags":["dev","test","autodocs"]}}}